Category,Address,Title,Year,Type,Description,Source,Width,Height
Map,toyland,Toyland,,img,,1.toyland.JPG,1280,1280
Map,toyland,Toyland,,img,,1.toyland2.jpg,1280,1280
Map,toyland,Toyland,,img,,1.toyland3.JPG,1280,1280
Map,bl_no_dd,bl_no_dd,,img,,,,
Map,bl_no_es,bl_no_es,,img,,,,
Map,bl_no_of,bl_no_of,,img,,,,
Map,bl_no_lix,bl_no_lix,,img,,,,
Map,göç,göç,,img,,,,
Map,nowhere,nowhere!,,img,,,,
Map,landy,landy,,img,,,,
Map,dataland,dataland,,img,,9.dataland.jpeg,1280,743
Map,dataland,dataland,,img,,9.dataland2.JPG,1280,960
Map,dataland,dataland,,img,,9.dataland3.JPG,1280,960
Map,dataland,dataland,,img,,9.dataland4.JPG,1280,960
Map,no.on,no.on,,img,,,,
Map,lost,lost,,img,,,,
Map,clubal_citizenship,clubal citizenship,,img,,,,
Map,Map,bird,,img,,,,
Crossword,your wish,your wish,,img,,,,
Crossword,doomaliyet,doomaliyet,,img,,,,
Crossword,crosswords,crosswords,,img,,,,